Owner,Position,Player,Round,Draft Slot
Chris,DEF,Los Angeles Rams,,
Chris,DEF,Miami Dolphins,,
Chris,K,Matt Gay,,
Chris,QB,Marcus Mariota,,
Chris,QB,Lamar Jackson,13.0,6.0
Chris,RB,Devontae Booker,,
Chris,RB,Jamaal Williams,,
Chris,RB,Chase Edmonds,9.0,6.0
Chris,RB,Ronald Jones,4.0,3.0
Chris,RB,Tony Pollard,14.0,9.0
Chris,TE,Darren Waller,4.0,6.0
Chris,TE,Foster Moreau,,
Chris,WR,Stefon Diggs,5.0,6.0
Chris,WR,Michael Thomas,1.0,6.0
Chris,WR,Hunter Renfrow,14.0,6.0
Chris,WR,Henry Ruggs,9.0,3.0
Chuck,DEF,Buffalo Bills,11.0,3.0
Chuck,DEF,San Francisco 49ers,8.0,7.0
Chuck,K,Wil Lutz,12.0,6.0
Chuck,QB,Deshaun Watson,5.0,4.0
Chuck,QB,Jalen Hurts,,
Chuck,RB,David Johnson,2.0,4.0
Chuck,RB,Ezekiel Elliott,1.0,9.0
Chuck,RB,Darrell Henderson,9.0,12.0
Chuck,RB,Clyde Edwards-Helaire,1.0,4.0
Chuck,RB,Antonio Gibson,9.0,11.0
Chuck,TE,Jonnu Smith,,
Chuck,TE,Noah Fant,10.0,11.0
Chuck,WR,Brandin Cooks,6.0,4.0
Chuck,WR,DK Metcalf,11.0,4.0
Chuck,WR,Deebo Samuel,7.0,4.0
Damon,DEF,Houston Texans,,
Damon,DEF,Kansas City Chiefs,14.0,5.0
Damon,K,Matt Prater,13.0,9.0
Damon,QB,Justin Herbert,,
Damon,QB,Aaron Rodgers,8.0,5.0
Damon,RB,Giovani Bernard,,
Damon,RB,Raheem Mostert,10.0,5.0
Damon,RB,Alvin Kamara,1.0,5.0
Damon,RB,James Conner,2.0,5.0
Damon,RB,Myles Gaskin,,
Damon,TE,Travis Kelce,2.0,9.0
Damon,WR,Jarvis Landry,7.0,5.0
Damon,WR,Allen Robinson,4.0,5.0
Damon,WR,Amari Cooper,3.0,5.0
Damon,WR,Tyler Lockett,5.0,5.0
Damon,WR,Brandon Aiyuk,12.0,5.0
David,DEF,Washington Commanders,,
David,K,Justin Tucker,12.0,12.0
David,QB,Kirk Cousins,,
David,QB,Josh Allen,10.0,12.0
David,RB,Latavius Murray,7.0,12.0
David,RB,Kenyan Drake,6.0,12.0
David,RB,Zack Moss,8.0,12.0
David,TE,Zach Ertz,5.0,8.0
David,TE,Austin Hooper,8.0,4.0
David,TE,Hayden Hurst,8.0,10.0
David,TE,Mike Gesicki,14.0,12.0
David,TE,Cole Kmet,,
David,WR,Davante Adams,2.0,12.0
David,WR,Tyreek Hill,1.0,12.0
David,WR,DJ Moore,3.0,12.0
Eric,DEF,Baltimore Ravens,10.0,1.0
Eric,K,Younghoe Koo,13.0,1.0
Eric,QB,Tom Brady,6.0,8.0
Eric,RB,Todd Gurley,2.0,1.0
Eric,RB,Mike Davis,,
Eric,RB,Brian Hill,,
Eric,RB,Saquon Barkley,1.0,1.0
Eric,RB,J.K. Dobbins,7.0,1.0
Eric,RB,Mark Ingram,3.0,6.0
Eric,TE,Taysom Hill,,
Eric,TE,Mark Andrews,4.0,1.0
Eric,WR,Cole Beasley,,
Eric,WR,Mike Evans,3.0,1.0
Eric,WR,Jamison Crowder,12.0,1.0
Eric,WR,Hollywood Brown,6.0,1.0
Eric,WR,CeeDee Lamb,9.0,1.0
Greg,DEF,Indianapolis Colts,11.0,10.0
Greg,K,Robbie Gould,12.0,10.0
Greg,QB,Russell Wilson,4.0,10.0
Greg,QB,Philip Rivers,13.0,3.0
Greg,RB,J.D. McKissic,,
Greg,RB,Joe Mixon,1.0,10.0
Greg,RB,Aaron Jones,4.0,11.0
Greg,RB,Austin Ekeler,6.0,10.0
Greg,RB,Gus Edwards,,
Greg,RB,Jeff Wilson,,
Greg,TE,Hunter Henry,9.0,10.0
Greg,TE,Dalton Schultz,,
Greg,WR,DeAndre Hopkins,2.0,10.0
Greg,WR,Keenan Allen,5.0,10.0
Greg,WR,Nelson Agholor,,
Greg,WR,A.J. Brown,3.0,10.0
Jono,DEF,Arizona Cardinals,,
Jono,DEF,New Orleans Saints,13.0,8.0
Jono,K,Daniel Carlson,,
Jono,QB,Ryan Tannehill,,
Jono,QB,Drew Brees,5.0,7.0
Jono,QB,Dak Prescott,5.0,1.0
Jono,RB,Melvin Gordon,2.0,2.0
Jono,RB,Derrick Henry,3.0,7.0
Jono,RB,Nick Chubb,1.0,7.0
Jono,RB,Damien Harris,9.0,7.0
Jono,TE,Logan Thomas,,
Jono,TE,Rob Gronkowski,7.0,9.0
Jono,WR,Marvin Jones,8.0,6.0
Jono,WR,Robert Woods,4.0,7.0
Jono,WR,Julio Jones,2.0,11.0
Justin,DEF,Pittsburgh Steelers,11.0,2.0
Justin,K,Harrison Butker,12.0,8.0
Justin,QB,Patrick Mahomes,1.0,11.0
Justin,RB,Christian McCaffrey,1.0,2.0
Justin,RB,Ito Smith,,
Justin,RB,Miles Sanders,7.0,2.0
Justin,RB,D'Andre Swift,4.0,2.0
Justin,RB,Cam Akers,4.0,12.0
Justin,TE,George Kittle,2.0,7.0
Justin,TE,Dallas Goedert,,
Justin,WR,T.Y. Hilton,4.0,8.0
Justin,WR,Adam Thielen,3.0,2.0
Justin,WR,Corey Davis,,
Justin,WR,Keke Coutee,,
Justin,WR,Diontae Johnson,8.0,2.0
Mike,DEF,Chicago Bears,11.0,6.0
Mike,K,Mason Crosby,,
Mike,QB,Jared Goff,12.0,11.0
Mike,RB,Le'Veon Bell,2.0,6.0
Mike,RB,Leonard Fournette,5.0,11.0
Mike,RB,Rashaad Penny,,
Mike,RB,Nyheim Hines,,
Mike,RB,Josh Jacobs,1.0,3.0
Mike,RB,David Montgomery,6.0,3.0
Mike,TE,T.J. Hockenson,13.0,5.0
Mike,WR,Chris Godwin,5.0,3.0
Mike,WR,Kenny Golladay,2.0,3.0
Mike,WR,Calvin Ridley,3.0,3.0
Mike,WR,Antonio Brown,,
Mike,WR,Tee Higgins,,
Pat,DEF,Cleveland Browns,,
Pat,DEF,Green Bay Packers,,
Pat,K,Tyler Bass,,
Pat,QB,Baker Mayfield,,
Pat,QB,Tua Tagovailoa,,
Pat,RB,Rex Burkhead,,
Pat,RB,Adrian Peterson,11.0,11.0
Pat,RB,DeAndre Washington,,
Pat,RB,Wayne Gallman,,
Pat,RB,Devin Singletary,3.0,4.0
Pat,TE,Eric Ebron,,
Pat,WR,Sammy Watkins,11.0,7.0
Pat,WR,Odell Beckham,3.0,11.0
Pat,WR,DeVante Parker,6.0,2.0
Pat,WR,Jerry Jeudy,9.0,4.0
Pat,WR,A.J. Green,6.0,11.0
Rhodes,DEF,Los Angeles Chargers,10.0,3.0
Rhodes,DEF,Las Vegas Raiders,,
Rhodes,DEF,New England Patriots,12.0,9.0
Rhodes,K,Rodrigo Blankenship,,
Rhodes,QB,Kyler Murray,5.0,9.0
Rhodes,RB,Kareem Hunt,6.0,5.0
Rhodes,RB,James Robinson,,
Rhodes,TE,Jared Cook,10.0,6.0
Rhodes,TE,Robert Tonyan,,
Rhodes,WR,Robbie Chosen,15.0,9.0
Rhodes,WR,Cooper Kupp,3.0,9.0
Rhodes,WR,Christian Kirk,9.0,9.0
Rhodes,WR,DJ Chark,4.0,4.0
Rhodes,WR,Travis Fulgham,,
Rhodes,WR,Justin Jefferson,11.0,5.0
Stephen,DEF,Tampa Bay Buccaneers,,
Stephen,K,Jason Sanders,,
Stephen,QB,Ben Roethlisberger,,
Stephen,QB,Matthew Stafford,15.0,5.0
Stephen,RB,Carlos Hyde,14.0,8.0
Stephen,RB,Dalvin Cook,1.0,8.0
Stephen,RB,Chris Carson,2.0,8.0
Stephen,RB,Alexander Mattison,8.0,8.0
Stephen,RB,Benny Snell,,
Stephen,RB,Jonathan Taylor,3.0,8.0
Stephen,TE,Evan Engram,9.0,2.0
Stephen,WR,Tyler Boyd,7.0,8.0
Stephen,WR,JuJu Smith-Schuster,4.0,9.0
Stephen,WR,Emmanuel Sanders,9.0,5.0
Stephen,WR,Chase Claypool,,
